loadtest_user_1@example.com,password123
loadtest_user_2@example.com,password123
loadtest_user_3@example.com,password123
loadtest_user_4@example.com,password123
loadtest_user_5@example.com,password123
loadtest_user_6@example.com,password123
loadtest_user_7@example.com,password123
loadtest_user_8@example.com,password123
loadtest_user_9@example.com,password123
loadtest_user_10@example.com,password123
loadtest_user_11@example.com,password123
loadtest_user_12@example.com,password123
loadtest_user_13@example.com,password123
loadtest_user_14@example.com,password123
loadtest_user_15@example.com,password123
loadtest_user_16@example.com,password123
loadtest_user_17@example.com,password123
loadtest_user_18@example.com,password123
loadtest_user_19@example.com,password123
loadtest_user_20@example.com,password123
loadtest_user_21@example.com,password123
loadtest_user_22@example.com,password123
loadtest_user_23@example.com,password123
loadtest_user_24@example.com,password123
loadtest_user_25@example.com,password123
loadtest_user_26@example.com,password123
loadtest_user_27@example.com,password123
loadtest_user_28@example.com,password123
loadtest_user_29@example.com,password123
loadtest_user_30@example.com,password123
loadtest_user_31@example.com,password123
loadtest_user_32@example.com,password123
loadtest_user_33@example.com,password123
loadtest_user_34@example.com,password123
loadtest_user_35@example.com,password123
loadtest_user_36@example.com,password123
loadtest_user_37@example.com,password123
loadtest_user_38@example.com,password123
loadtest_user_39@example.com,password123
loadtest_user_40@example.com,password123
loadtest_user_41@example.com,password123
loadtest_user_42@example.com,password123
loadtest_user_43@example.com,password123
loadtest_user_44@example.com,password123
loadtest_user_45@example.com,password123
loadtest_user_46@example.com,password123
loadtest_user_47@example.com,password123
loadtest_user_48@example.com,password123
loadtest_user_49@example.com,password123
loadtest_user_50@example.com,password123
loadtest_user_51@example.com,password123
loadtest_user_52@example.com,password123
loadtest_user_53@example.com,password123
loadtest_user_54@example.com,password123
loadtest_user_55@example.com,password123
loadtest_user_56@example.com,password123
loadtest_user_57@example.com,password123
loadtest_user_58@example.com,password123
loadtest_user_59@example.com,password123
loadtest_user_60@example.com,password123
loadtest_user_61@example.com,password123
loadtest_user_62@example.com,password123
loadtest_user_63@example.com,password123
loadtest_user_64@example.com,password123
loadtest_user_65@example.com,password123
loadtest_user_66@example.com,password123
loadtest_user_67@example.com,password123
loadtest_user_68@example.com,password123
loadtest_user_69@example.com,password123
loadtest_user_70@example.com,password123
loadtest_user_71@example.com,password123
loadtest_user_72@example.com,password123
loadtest_user_73@example.com,password123
loadtest_user_74@example.com,password123
loadtest_user_75@example.com,password123
loadtest_user_76@example.com,password123
loadtest_user_77@example.com,password123
loadtest_user_78@example.com,password123
loadtest_user_79@example.com,password123
loadtest_user_80@example.com,password123
loadtest_user_81@example.com,password123
loadtest_user_82@example.com,password123
loadtest_user_83@example.com,password123
loadtest_user_84@example.com,password123
loadtest_user_85@example.com,password123
loadtest_user_86@example.com,password123
loadtest_user_87@example.com,password123
loadtest_user_88@example.com,password123
loadtest_user_89@example.com,password123
loadtest_user_90@example.com,password123
loadtest_user_91@example.com,password123
loadtest_user_92@example.com,password123
loadtest_user_93@example.com,password123
loadtest_user_94@example.com,password123
loadtest_user_95@example.com,password123
loadtest_user_96@example.com,password123
loadtest_user_97@example.com,password123
loadtest_user_98@example.com,password123
loadtest_user_99@example.com,password123
loadtest_user_100@example.com,password123
loadtest_user_101@example.com,password123
loadtest_user_102@example.com,password123
loadtest_user_103@example.com,password123
loadtest_user_104@example.com,password123
loadtest_user_105@example.com,password123
loadtest_user_106@example.com,password123
loadtest_user_107@example.com,password123
loadtest_user_108@example.com,password123
loadtest_user_109@example.com,password123
loadtest_user_110@example.com,password123
loadtest_user_111@example.com,password123
loadtest_user_112@example.com,password123
loadtest_user_113@example.com,password123
loadtest_user_114@example.com,password123
loadtest_user_115@example.com,password123
loadtest_user_116@example.com,password123
loadtest_user_117@example.com,password123
loadtest_user_118@example.com,password123
loadtest_user_119@example.com,password123
loadtest_user_120@example.com,password123
loadtest_user_121@example.com,password123
loadtest_user_122@example.com,password123
loadtest_user_123@example.com,password123
loadtest_user_124@example.com,password123
loadtest_user_125@example.com,password123
loadtest_user_126@example.com,password123
loadtest_user_127@example.com,password123
loadtest_user_128@example.com,password123
loadtest_user_129@example.com,password123
loadtest_user_130@example.com,password123
loadtest_user_131@example.com,password123
loadtest_user_132@example.com,password123
loadtest_user_133@example.com,password123
loadtest_user_134@example.com,password123
loadtest_user_135@example.com,password123
loadtest_user_136@example.com,password123
loadtest_user_137@example.com,password123
loadtest_user_138@example.com,password123
loadtest_user_139@example.com,password123
loadtest_user_140@example.com,password123
loadtest_user_141@example.com,password123
loadtest_user_142@example.com,password123
loadtest_user_143@example.com,password123
loadtest_user_144@example.com,password123
loadtest_user_145@example.com,password123
loadtest_user_146@example.com,password123
loadtest_user_147@example.com,password123
loadtest_user_148@example.com,password123
loadtest_user_149@example.com,password123
loadtest_user_150@example.com,password123
loadtest_user_151@example.com,password123
loadtest_user_152@example.com,password123
loadtest_user_153@example.com,password123
loadtest_user_154@example.com,password123
loadtest_user_155@example.com,password123
loadtest_user_156@example.com,password123
loadtest_user_157@example.com,password123
loadtest_user_158@example.com,password123
loadtest_user_159@example.com,password123
loadtest_user_160@example.com,password123
loadtest_user_161@example.com,password123
loadtest_user_162@example.com,password123
loadtest_user_163@example.com,password123
loadtest_user_164@example.com,password123
loadtest_user_165@example.com,password123
loadtest_user_166@example.com,password123
loadtest_user_167@example.com,password123
loadtest_user_168@example.com,password123
loadtest_user_169@example.com,password123
loadtest_user_170@example.com,password123
loadtest_user_171@example.com,password123
loadtest_user_172@example.com,password123
loadtest_user_173@example.com,password123
loadtest_user_174@example.com,password123
loadtest_user_175@example.com,password123
loadtest_user_176@example.com,password123
loadtest_user_177@example.com,password123
loadtest_user_178@example.com,password123
loadtest_user_179@example.com,password123
loadtest_user_180@example.com,password123
loadtest_user_181@example.com,password123
loadtest_user_182@example.com,password123
loadtest_user_183@example.com,password123
loadtest_user_184@example.com,password123
loadtest_user_185@example.com,password123
loadtest_user_186@example.com,password123
loadtest_user_187@example.com,password123
loadtest_user_188@example.com,password123
loadtest_user_189@example.com,password123
loadtest_user_190@example.com,password123
loadtest_user_191@example.com,password123
loadtest_user_192@example.com,password123
loadtest_user_193@example.com,password123
loadtest_user_194@example.com,password123
loadtest_user_195@example.com,password123
loadtest_user_196@example.com,password123
loadtest_user_197@example.com,password123
loadtest_user_198@example.com,password123
loadtest_user_199@example.com,password123
loadtest_user_200@example.com,password123
loadtest_user_201@example.com,password123
loadtest_user_202@example.com,password123
loadtest_user_203@example.com,password123
loadtest_user_204@example.com,password123
loadtest_user_205@example.com,password123
loadtest_user_206@example.com,password123
loadtest_user_207@example.com,password123
loadtest_user_208@example.com,password123
loadtest_user_209@example.com,password123
loadtest_user_210@example.com,password123
loadtest_user_211@example.com,password123
loadtest_user_212@example.com,password123
loadtest_user_213@example.com,password123
loadtest_user_214@example.com,password123
loadtest_user_215@example.com,password123
loadtest_user_216@example.com,password123
loadtest_user_217@example.com,password123
loadtest_user_218@example.com,password123
loadtest_user_219@example.com,password123
loadtest_user_220@example.com,password123
loadtest_user_221@example.com,password123
loadtest_user_222@example.com,password123
loadtest_user_223@example.com,password123
loadtest_user_224@example.com,password123
loadtest_user_225@example.com,password123
loadtest_user_226@example.com,password123
loadtest_user_227@example.com,password123
loadtest_user_228@example.com,password123
loadtest_user_229@example.com,password123
loadtest_user_230@example.com,password123
loadtest_user_231@example.com,password123
loadtest_user_232@example.com,password123
loadtest_user_233@example.com,password123
loadtest_user_234@example.com,password123
loadtest_user_235@example.com,password123
loadtest_user_236@example.com,password123
loadtest_user_237@example.com,password123
loadtest_user_238@example.com,password123
loadtest_user_239@example.com,password123
loadtest_user_240@example.com,password123
loadtest_user_241@example.com,password123
loadtest_user_242@example.com,password123
loadtest_user_243@example.com,password123
loadtest_user_244@example.com,password123
loadtest_user_245@example.com,password123
loadtest_user_246@example.com,password123
loadtest_user_247@example.com,password123
loadtest_user_248@example.com,password123
loadtest_user_249@example.com,password123
loadtest_user_250@example.com,password123
loadtest_user_251@example.com,password123
loadtest_user_252@example.com,password123
loadtest_user_253@example.com,password123
loadtest_user_254@example.com,password123
loadtest_user_255@example.com,password123
loadtest_user_256@example.com,password123
loadtest_user_257@example.com,password123
loadtest_user_258@example.com,password123
loadtest_user_259@example.com,password123
loadtest_user_260@example.com,password123
loadtest_user_261@example.com,password123
loadtest_user_262@example.com,password123
loadtest_user_263@example.com,password123
loadtest_user_264@example.com,password123
loadtest_user_265@example.com,password123
loadtest_user_266@example.com,password123
loadtest_user_267@example.com,password123
loadtest_user_268@example.com,password123
loadtest_user_269@example.com,password123
loadtest_user_270@example.com,password123
loadtest_user_271@example.com,password123
loadtest_user_272@example.com,password123
loadtest_user_273@example.com,password123
loadtest_user_274@example.com,password123
loadtest_user_275@example.com,password123
loadtest_user_276@example.com,password123
loadtest_user_277@example.com,password123
loadtest_user_278@example.com,password123
loadtest_user_279@example.com,password123
loadtest_user_280@example.com,password123
loadtest_user_281@example.com,password123
loadtest_user_282@example.com,password123
loadtest_user_283@example.com,password123
loadtest_user_284@example.com,password123
loadtest_user_285@example.com,password123
loadtest_user_286@example.com,password123
loadtest_user_287@example.com,password123
loadtest_user_288@example.com,password123
loadtest_user_289@example.com,password123
loadtest_user_290@example.com,password123
loadtest_user_291@example.com,password123
loadtest_user_292@example.com,password123
loadtest_user_293@example.com,password123
loadtest_user_294@example.com,password123
loadtest_user_295@example.com,password123
loadtest_user_296@example.com,password123
loadtest_user_297@example.com,password123
loadtest_user_298@example.com,password123
loadtest_user_299@example.com,password123
loadtest_user_300@example.com,password123
loadtest_user_301@example.com,password123
loadtest_user_302@example.com,password123
loadtest_user_303@example.com,password123
loadtest_user_304@example.com,password123
loadtest_user_305@example.com,password123
loadtest_user_306@example.com,password123
loadtest_user_307@example.com,password123
loadtest_user_308@example.com,password123
loadtest_user_309@example.com,password123
loadtest_user_310@example.com,password123
loadtest_user_311@example.com,password123
loadtest_user_312@example.com,password123
loadtest_user_313@example.com,password123
loadtest_user_314@example.com,password123
loadtest_user_315@example.com,password123
loadtest_user_316@example.com,password123
loadtest_user_317@example.com,password123
loadtest_user_318@example.com,password123
loadtest_user_319@example.com,password123
loadtest_user_320@example.com,password123
loadtest_user_321@example.com,password123
loadtest_user_322@example.com,password123
loadtest_user_323@example.com,password123
loadtest_user_324@example.com,password123
loadtest_user_325@example.com,password123
loadtest_user_326@example.com,password123
loadtest_user_327@example.com,password123
loadtest_user_328@example.com,password123
loadtest_user_329@example.com,password123
loadtest_user_330@example.com,password123
loadtest_user_331@example.com,password123
loadtest_user_332@example.com,password123
loadtest_user_333@example.com,password123
loadtest_user_334@example.com,password123
loadtest_user_335@example.com,password123
loadtest_user_336@example.com,password123
loadtest_user_337@example.com,password123
loadtest_user_338@example.com,password123
loadtest_user_339@example.com,password123
loadtest_user_340@example.com,password123
loadtest_user_341@example.com,password123
loadtest_user_342@example.com,password123
loadtest_user_343@example.com,password123
loadtest_user_344@example.com,password123
loadtest_user_345@example.com,password123
loadtest_user_346@example.com,password123
loadtest_user_347@example.com,password123
loadtest_user_348@example.com,password123
loadtest_user_349@example.com,password123
loadtest_user_350@example.com,password123
loadtest_user_351@example.com,password123
loadtest_user_352@example.com,password123
loadtest_user_353@example.com,password123
loadtest_user_354@example.com,password123
loadtest_user_355@example.com,password123
loadtest_user_356@example.com,password123
loadtest_user_357@example.com,password123
loadtest_user_358@example.com,password123
loadtest_user_359@example.com,password123
loadtest_user_360@example.com,password123
loadtest_user_361@example.com,password123
loadtest_user_362@example.com,password123
loadtest_user_363@example.com,password123
loadtest_user_364@example.com,password123
loadtest_user_365@example.com,password123
loadtest_user_366@example.com,password123
loadtest_user_367@example.com,password123
loadtest_user_368@example.com,password123
loadtest_user_369@example.com,password123
loadtest_user_370@example.com,password123
loadtest_user_371@example.com,password123
loadtest_user_372@example.com,password123
loadtest_user_373@example.com,password123
loadtest_user_374@example.com,password123
loadtest_user_375@example.com,password123
loadtest_user_376@example.com,password123
loadtest_user_377@example.com,password123
loadtest_user_378@example.com,password123
loadtest_user_379@example.com,password123
loadtest_user_380@example.com,password123
loadtest_user_381@example.com,password123
loadtest_user_382@example.com,password123
loadtest_user_383@example.com,password123
loadtest_user_384@example.com,password123
loadtest_user_385@example.com,password123
loadtest_user_386@example.com,password123
loadtest_user_387@example.com,password123
loadtest_user_388@example.com,password123
loadtest_user_389@example.com,password123
loadtest_user_390@example.com,password123
loadtest_user_391@example.com,password123
loadtest_user_392@example.com,password123
loadtest_user_393@example.com,password123
loadtest_user_394@example.com,password123
loadtest_user_395@example.com,password123
loadtest_user_396@example.com,password123
loadtest_user_397@example.com,password123
loadtest_user_398@example.com,password123
loadtest_user_399@example.com,password123
loadtest_user_400@example.com,password123
loadtest_user_401@example.com,password123
loadtest_user_402@example.com,password123
loadtest_user_403@example.com,password123
loadtest_user_404@example.com,password123
loadtest_user_405@example.com,password123
loadtest_user_406@example.com,password123
loadtest_user_407@example.com,password123
loadtest_user_408@example.com,password123
loadtest_user_409@example.com,password123
loadtest_user_410@example.com,password123
loadtest_user_411@example.com,password123
loadtest_user_412@example.com,password123
loadtest_user_413@example.com,password123
loadtest_user_414@example.com,password123
loadtest_user_415@example.com,password123
loadtest_user_416@example.com,password123
loadtest_user_417@example.com,password123
loadtest_user_418@example.com,password123
loadtest_user_419@example.com,password123
loadtest_user_420@example.com,password123
loadtest_user_421@example.com,password123
loadtest_user_422@example.com,password123
loadtest_user_423@example.com,password123
loadtest_user_424@example.com,password123
loadtest_user_425@example.com,password123
loadtest_user_426@example.com,password123
loadtest_user_427@example.com,password123
loadtest_user_428@example.com,password123
loadtest_user_429@example.com,password123
loadtest_user_430@example.com,password123
loadtest_user_431@example.com,password123
loadtest_user_432@example.com,password123
loadtest_user_433@example.com,password123
loadtest_user_434@example.com,password123
loadtest_user_435@example.com,password123
loadtest_user_436@example.com,password123
loadtest_user_437@example.com,password123
loadtest_user_438@example.com,password123
loadtest_user_439@example.com,password123
loadtest_user_440@example.com,password123
loadtest_user_441@example.com,password123
loadtest_user_442@example.com,password123
loadtest_user_443@example.com,password123
loadtest_user_444@example.com,password123
loadtest_user_445@example.com,password123
loadtest_user_446@example.com,password123
loadtest_user_447@example.com,password123
loadtest_user_448@example.com,password123
loadtest_user_449@example.com,password123
loadtest_user_450@example.com,password123
loadtest_user_451@example.com,password123
loadtest_user_452@example.com,password123
loadtest_user_453@example.com,password123
loadtest_user_454@example.com,password123
loadtest_user_455@example.com,password123
loadtest_user_456@example.com,password123
loadtest_user_457@example.com,password123
loadtest_user_458@example.com,password123
loadtest_user_459@example.com,password123
loadtest_user_460@example.com,password123
loadtest_user_461@example.com,password123
loadtest_user_462@example.com,password123
loadtest_user_463@example.com,password123
loadtest_user_464@example.com,password123
loadtest_user_465@example.com,password123
loadtest_user_466@example.com,password123
loadtest_user_467@example.com,password123
loadtest_user_468@example.com,password123
loadtest_user_469@example.com,password123
loadtest_user_470@example.com,password123
loadtest_user_471@example.com,password123
loadtest_user_472@example.com,password123
loadtest_user_473@example.com,password123
loadtest_user_474@example.com,password123
loadtest_user_475@example.com,password123
loadtest_user_476@example.com,password123
loadtest_user_477@example.com,password123
loadtest_user_478@example.com,password123
loadtest_user_479@example.com,password123
loadtest_user_480@example.com,password123
loadtest_user_481@example.com,password123
loadtest_user_482@example.com,password123
loadtest_user_483@example.com,password123
loadtest_user_484@example.com,password123
loadtest_user_485@example.com,password123
loadtest_user_486@example.com,password123
loadtest_user_487@example.com,password123
loadtest_user_488@example.com,password123
loadtest_user_489@example.com,password123
loadtest_user_490@example.com,password123
loadtest_user_491@example.com,password123
loadtest_user_492@example.com,password123
loadtest_user_493@example.com,password123
loadtest_user_494@example.com,password123
loadtest_user_495@example.com,password123
loadtest_user_496@example.com,password123
loadtest_user_497@example.com,password123
loadtest_user_498@example.com,password123
loadtest_user_499@example.com,password123
loadtest_user_500@example.com,password123
loadtest_user_501@example.com,password123
loadtest_user_502@example.com,password123
loadtest_user_503@example.com,password123
loadtest_user_504@example.com,password123
loadtest_user_505@example.com,password123
loadtest_user_506@example.com,password123
loadtest_user_507@example.com,password123
loadtest_user_508@example.com,password123
loadtest_user_509@example.com,password123
loadtest_user_510@example.com,password123
loadtest_user_511@example.com,password123
loadtest_user_512@example.com,password123
loadtest_user_513@example.com,password123
loadtest_user_514@example.com,password123
loadtest_user_515@example.com,password123
loadtest_user_516@example.com,password123
loadtest_user_517@example.com,password123
loadtest_user_518@example.com,password123
loadtest_user_519@example.com,password123
loadtest_user_520@example.com,password123
loadtest_user_521@example.com,password123
loadtest_user_522@example.com,password123
loadtest_user_523@example.com,password123
loadtest_user_524@example.com,password123
loadtest_user_525@example.com,password123
loadtest_user_526@example.com,password123
loadtest_user_527@example.com,password123
loadtest_user_528@example.com,password123
loadtest_user_529@example.com,password123
loadtest_user_530@example.com,password123
loadtest_user_531@example.com,password123
loadtest_user_532@example.com,password123
loadtest_user_533@example.com,password123
loadtest_user_534@example.com,password123
loadtest_user_535@example.com,password123
loadtest_user_536@example.com,password123
loadtest_user_537@example.com,password123
loadtest_user_538@example.com,password123
loadtest_user_539@example.com,password123
loadtest_user_540@example.com,password123
loadtest_user_541@example.com,password123
loadtest_user_542@example.com,password123
loadtest_user_543@example.com,password123
loadtest_user_544@example.com,password123
loadtest_user_545@example.com,password123
loadtest_user_546@example.com,password123
loadtest_user_547@example.com,password123
loadtest_user_548@example.com,password123
loadtest_user_549@example.com,password123
loadtest_user_550@example.com,password123
loadtest_user_551@example.com,password123
loadtest_user_552@example.com,password123
loadtest_user_553@example.com,password123
loadtest_user_554@example.com,password123
loadtest_user_555@example.com,password123
loadtest_user_556@example.com,password123
loadtest_user_557@example.com,password123
loadtest_user_558@example.com,password123
loadtest_user_559@example.com,password123
loadtest_user_560@example.com,password123
loadtest_user_561@example.com,password123
loadtest_user_562@example.com,password123
loadtest_user_563@example.com,password123
loadtest_user_564@example.com,password123
loadtest_user_565@example.com,password123
loadtest_user_566@example.com,password123
loadtest_user_567@example.com,password123
loadtest_user_568@example.com,password123
loadtest_user_569@example.com,password123
loadtest_user_570@example.com,password123
loadtest_user_571@example.com,password123
loadtest_user_572@example.com,password123
loadtest_user_573@example.com,password123
loadtest_user_574@example.com,password123
loadtest_user_575@example.com,password123
loadtest_user_576@example.com,password123
loadtest_user_577@example.com,password123
loadtest_user_578@example.com,password123
loadtest_user_579@example.com,password123
loadtest_user_580@example.com,password123
loadtest_user_581@example.com,password123
loadtest_user_582@example.com,password123
loadtest_user_583@example.com,password123
loadtest_user_584@example.com,password123
loadtest_user_585@example.com,password123
loadtest_user_586@example.com,password123
loadtest_user_587@example.com,password123
loadtest_user_588@example.com,password123
loadtest_user_589@example.com,password123
loadtest_user_590@example.com,password123
loadtest_user_591@example.com,password123
loadtest_user_592@example.com,password123
loadtest_user_593@example.com,password123
loadtest_user_594@example.com,password123
loadtest_user_595@example.com,password123
loadtest_user_596@example.com,password123
loadtest_user_597@example.com,password123
loadtest_user_598@example.com,password123
loadtest_user_599@example.com,password123
loadtest_user_600@example.com,password123
